Pct_BelowPoverty_18andOver,Pct_Population_Male_65andOver,Pct_Population_Female_65andOver,Pct_Black_Female_65andOver,Pct_White_65andOver,Pct_White_Male_65andOver,Pct_Hisp_65andOver,Pct_Hisp_Female_65andOver,BINGE_CrudePrev,CSMOKING_CrudePrev,OBESITY_CrudePrev,Median_Household_Income,ZCTA_pm2_5,sdi_score,Pct_White_Male_Between18and65,Pct_White_Female_Between18and65,Pct_Black_Female_Between18and65,Pct_Hisp_Male_Between18and65,Pct_Hisp_Female_Between18and65
11.188463451019397,20.53704624564893,18.050721034311287,2.2376926902038785,33.764296369965194,18.199900546991547,0.4972650422675285,0.4972650422675285,12.3,20.8,36.7,52179.0,7.98278486640781,26.0,22.77473893585281,28.19492789656887,4.127299850820487,0.4475385380407757,0.0
14.055944055944057,15.734265734265737,16.503496503496503,2.5874125874125875,23.496503496503497,9.58041958041958,0.0,0.0,16.7,20.4,35.4,59882.0,7.55291833124458,31.0,28.32167832167832,30.06993006993007,3.636363636363636,0.0,0.0
11.449659348978049,16.748675246025737,14.629068887206662,0.0,29.712339137017413,16.21877365632097,1.1165783497350492,1.1165783497350492,16.5,20.1,34.7,66000.0,7.61760869857453,26.0,32.17259651778955,33.53520060560181,1.3247539742619228,0.0,0.0
14.330844342331996,13.181944059817225,15.120465245084464,4.984768762115757,20.022154527831624,10.135696482968706,1.633896427582387,0.0,13.8,19.3,42.3,41611.0,6.76553673320567,67.0,22.84685682636389,26.613126557740237,10.108003323179172,4.4032124065355855,3.9047355303240097
19.2024192024192,13.785700952025389,15.08306888183685,1.2133656897517269,26.068695165204403,12.292327795407877,0.3266753780100803,0.1026694045174538,14.1,26.0,37.3,33788.0,7.69692531608268,70.0,28.290087735672948,30.679484786260968,4.741459772260594,1.7173791301101362,1.8760500280007464
4.934823091247672,13.795779019242708,14.276846679081316,0.1551831160769708,27.048417132216013,13.097454996896335,0.2793296089385474,0.0620732464307883,16.5,17.3,31.3,71940.0,7.29999378504342,8.0,32.293606455617635,35.83178150217256,1.0242085661080071,0.3103662321539417,0.3258845437616386
7.730263157894737,13.87061403508772,15.186403508771928,0.0,26.918859649122805,12.390350877192985,1.5350877192982455,1.5350877192982455,14.8,20.7,35.2,57431.0,7.01715909836066,4.0,35.0877192982456,34.21052631578947,1.425438596491228,0.0,2.2478070175438605
16.177957532861477,9.403437815975732,14.054600606673407,7.381193124368049,12.032355915065724,5.358948432760364,0.0,0.0,14.2,16.2,37.9,60588.0,7.44809050398564,37.0,22.244691607684533,28.109201213346815,8.291203235591507,6.066734074823053,7.583417593528817
5.985037406483791,12.76452352069012,15.985981938266614,0.1482679606415959,28.49440625421216,12.656692276587142,0.1752257716673406,0.1752257716673406,17.9,14.7,29.4,60966.0,6.97642901388028,24.0,30.59711551422024,34.654266073594826,1.523116322954576,1.7657366221862785,0.8896077638495754
5.038335158817087,7.557502738225629,13.03395399780942,0.0,20.59145673603505,7.557502738225629,0.0,0.0,16.8,22.6,35.3,67984.0,6.77658313056171,27.0,34.8302300109529,43.26396495071193,1.3143483023001097,0.0,0.0
7.166388374926666,7.17541405298073,7.292747867683559,1.2139536982715826,11.6972787580667,6.011101584006498,0.09476961956767,0.0,17.7,17.8,35.1,89078.0,7.80796973719223,35.0,28.90473396813936,29.829865968680895,8.114084570603367,3.632835416760684,4.539916061194097
19.09547738693467,8.040201005025125,14.824120603015077,9.045226130653267,9.547738693467336,3.7688442211055273,0.0,0.0,14.6,20.2,36.8,56250.0,7.39068112740849,43.0,9.296482412060303,19.09547738693467,27.1356783919598,0.0,0.0
6.2694107416456175,8.977597416042073,11.072922274214251,0.277444200588016,15.876433806782888,7.304650296078513,0.6749761894902481,0.397531988902232,14.9,10.9,22.0,144628.0,8.3059765847737,8.0,28.41525529007412,27.35102902811711,2.186425938962276,4.832498240092757,3.631620356950598
6.451612903225806,8.560794044665013,19.106699751861044,7.816377171215881,17.617866004962778,6.327543424317618,0.0,0.0,14.2,23.7,37.6,49000.0,7.97410351028827,27.0,25.68238213399504,28.660049627791565,12.40694789081886,0.0,0.0
2.941176470588235,12.5,17.463235294117645,0.0,22.794117647058822,5.330882352941177,0.0,0.0,14.5,13.8,28.6,72163.0,7.54037579486928,28.0,29.41176470588235,30.882352941176464,9.742647058823527,0.0,0.0
6.572883822459374,13.602426504899674,11.759216052263184,0.4199720018665422,22.25851609892674,11.17592160522632,0.0933271115258982,0.0933271115258982,15.1,21.3,35.1,54006.0,7.07125358552912,27.0,29.188054129724684,31.12459169388707,5.202986467568829,1.3765748950069996,1.096593560429305
6.956004756242569,16.527942925089178,14.982164090368608,3.983353151010702,23.067776456599287,12.06896551724138,0.0,0.0,11.9,16.6,31.3,42325.0,7.1045078056428,35.0,19.50059453032105,30.08323424494649,7.609988109393578,0.0,0.0
14.830346930995043,12.156128474722742,15.735272936770848,0.2160449373469682,26.933602189255367,11.500792164770273,0.0,0.0,17.5,18.0,30.8,53773.0,6.99192425639463,41.0,37.310960679821406,27.12084113495607,1.555523548898171,1.7787699841567046,0.9217917326803976
21.239837398373982,9.654471544715449,15.447154471544716,0.1016260162601626,24.898373983739837,9.654471544715449,0.4065040650406504,0.4065040650406504,15.4,27.8,38.4,30284.0,8.24578795329527,55.0,33.4349593495935,40.650406504065046,0.5081300813008129,0.0,0.0
9.32380289708394,8.056185437137819,10.833963214915595,0.4031242126480222,15.847820609725373,6.6893424036281175,1.2975560594608213,1.0078105316200554,16.1,11.0,22.8,106929.0,8.32499054127446,40.0,29.23280423280423,29.61703199798438,4.213907785336358,5.120937263794407,4.976064499874024
6.855707106963388,11.370157819225252,9.433285509325682,0.0,20.803443328550937,11.370157819225252,0.0,0.0,16.9,19.8,33.8,67671.0,7.48171232023667,11.0,37.64347202295552,40.38737446197992,0.3048780487804878,2.008608321377331,0.3766140602582496
13.765642775881684,15.380344253192671,14.325374791782345,1.6102165463631315,25.485841199333706,12.770682953914491,0.0,0.0,15.2,22.5,35.1,40109.0,7.05537740954634,41.0,36.86840644086618,26.76290949472515,3.331482509716824,0.0,1.0549694614103275
17.692307692307693,11.923076923076923,14.23076923076923,0.0,26.153846153846157,11.923076923076923,0.0,0.0,16.3,22.6,33.1,51765.0,7.3557743594359,26.0,37.30769230769231,36.53846153846153,0.0,0.0,0.0
19.62025316455696,19.62025316455696,14.873417721518988,12.025316455696204,16.77215189873418,13.924050632911392,0.0,0.0,13.3,21.4,36.9,30917.0,7.65323483279332,45.0,16.455696202531648,23.73417721518987,18.0379746835443,0.0,0.0
10.80440434317174,5.250057148662721,8.237027253562266,2.0471920957049603,8.264966599781564,3.2943029133118285,1.1683726600797542,0.6248253790861293,18.6,14.7,28.0,80676.0,8.40196242884005,65.0,22.224479947169236,23.309034568591095,13.088313733458635,6.63432475680069,8.501181072362908
2.927152317880795,6.136865342163356,7.143487858719647,1.532008830022075,8.838852097130243,4.331125827814569,0.6181015452538632,0.3487858719646799,16.6,12.0,23.7,130116.0,8.22681561812594,9.0,27.796909492273738,27.262693156732887,7.894039735099337,4.909492273730684,3.995584988962472
23.03149606299213,11.368110236220472,11.71259842519685,0.0,23.08070866141732,11.368110236220472,0.0,0.0,14.7,22.7,34.3,33088.0,8.67448913340731,47.0,39.81299212598425,37.10629921259842,0.0,1.0826771653543308,3.937007874015748
26.03406326034063,11.922141119221411,21.751824817518248,0.0,33.673965936739656,11.922141119221411,0.0,0.0,15.1,26.2,35.4,24944.0,8.79648702576513,65.0,36.30170316301704,29.002433090024333,1.0218978102189782,0.0,0.0
5.06454816285998,12.561819980217606,8.803165182987142,0.8902077151335311,16.81503461918892,8.902077151335313,0.049455984174085,0.0,16.2,17.1,30.9,104609.0,7.53632821548415,17.0,34.22354104846686,37.83382789317507,0.5440158259149358,1.0385756676557865,0.5934718100890208
31.845788222867704,4.306552442695068,7.849039129428108,7.08497337346608,1.0882148645519796,0.3241491085899514,0.0,0.0,19.7,22.6,33.1,32912.0,8.19264184992707,86.0,23.47765686501505,18.569113220652927,13.567955545265107,2.4774253299374855,2.4311183144246353
15.014577259475216,14.1399416909621,11.005830903790088,0.0,25.145772594752184,14.1399416909621,0.0,0.0,17.3,24.7,36.5,49306.0,6.67740661202186,44.0,37.53644314868805,37.31778425655976,0.0,0.0,0.0
6.79970436067997,16.14929785661493,15.853658536585366,4.619364375461936,20.58388765705839,9.34959349593496,0.0,0.0,15.1,20.5,38.5,69891.0,7.82734246311568,22.0,20.177383592017733,24.205469327420545,12.601626016260164,0.0,0.0
8.708789107320431,6.845704244183826,8.274439393360582,0.370554303396111,9.78339763914887,4.561256064484089,1.321771020361386,0.8213317034037514,15.7,11.0,20.7,108632.0,8.37569783658264,38.0,25.12510982923941,22.859762386828137,2.739045727165068,5.741681628910876,5.153378920426329
11.6331096196868,10.51454138702461,2.237136465324385,0.0,12.751677852348994,10.51454138702461,0.0,0.0,14.9,21.3,34.9,55583.0,7.08449302705836,33.0,44.742729306487696,42.50559284116331,0.0,0.0,0.0
3.495544893762851,22.481151473612066,26.73063742289239,5.551747772446881,38.1082933516107,17.614804660726524,0.0,0.0,13.7,18.2,32.5,66393.0,7.12970128600516,15.0,23.50925291295408,24.674434544208363,0.0,0.0,0.0
2.2605814450619923,8.160538691748611,8.769773407439077,1.3360410431808465,12.703078238563489,6.033561351004703,0.235143223599829,0.138948268490808,17.6,13.6,25.9,103333.0,7.45048505567963,13.0,29.387558785805897,29.84181274048739,6.434373663958956,1.6941000427533135,1.9185549380076952
18.57111713226821,6.778273613054845,10.005017031501676,1.1037469303688838,14.206120778432046,5.735259169285205,0.1980407171714504,0.1769163740064957,19.2,16.9,29.2,49864.0,7.84954156286293,60.0,31.240262998072406,32.87739959335639,7.15323070423279,2.2233371181114836,2.220696575215864
11.34020618556701,17.18213058419244,28.52233676975945,9.965635738831615,35.738831615120276,17.18213058419244,0.0,0.0,10.6,25.4,43.0,32039.0,6.78940191256831,30.0,27.49140893470791,12.371134020618555,0.0,0.0,0.0
21.289858547111,13.075161357484903,13.179262960649591,0.0,26.00458047053925,12.825317509889652,0.1873828856964397,0.0,15.3,26.2,35.4,36711.0,8.59384273498254,75.0,38.28856964397252,33.999583593587346,0.0832812825317509,0.2290235269623153,0.0
10.831099195710456,4.480759093305219,13.758566157090144,2.881743103145317,14.479001932876471,3.9887541732560186,0.6150061500615006,0.3514320857494289,18.3,16.4,28.3,61069.0,8.26107632989125,58.0,29.62572482867686,27.464417501317875,6.16763310490248,3.6373220875065897,2.0558777016341594
4.105048444671086,6.017542380028675,9.55553681369655,0.4090410727840095,13.70498439740238,5.174158724803914,0.615670068314076,0.3921733996795142,19.3,11.8,26.7,102779.0,8.06009439696177,11.0,31.34435354642827,31.200978325040065,3.774141857130808,1.2018217086952854,1.09639875179219
10.080645161290322,2.82258064516129,3.225806451612903,1.8145161290322585,4.233870967741935,2.82258064516129,0.0,0.0,16.6,19.9,32.6,66184.0,7.18801338797815,25.0,36.895161290322584,44.15322580645161,6.653225806451612,0.0,0.0
8.771929824561402,13.933302878026495,5.344906349931476,3.2434901781635452,8.085883965280951,6.121516674280493,0.0,0.0,15.7,26.5,44.2,81250.0,7.63037220173294,30.0,32.526267702147095,14.892645043398812,4.20283234353586,0.319780721790772,0.1827318410232983
19.35483870967742,6.20347394540943,11.29032258064516,0.0,17.49379652605459,6.20347394540943,0.0,0.0,14.8,18.8,33.7,51532.0,7.05187901246161,38.0,36.84863523573201,40.57071960297767,0.0,0.0,0.0
39.38589746769513,4.516129032258064,5.521522336420067,0.0732675282385265,9.423018215121605,4.155897018418642,0.0284929276483158,0.0,20.3,15.4,26.6,46430.0,7.43468434705684,66.0,38.253790576981785,33.731555917370514,2.0738780909738472,1.945659916556426,1.6546250127200572
19.071608492263405,14.32169845268082,16.768621806405182,6.225260885210507,21.01475350845628,10.759265922993883,0.1079525008996041,0.0,12.8,22.5,44.7,39255.0,6.80888743041233,73.0,17.05649514213746,18.387909319899244,18.279956818999636,1.9071608492263403,1.331414177761785
3.7187681580476464,11.330621731551425,14.52643811737362,0.0,22.83556072051133,8.30912260313771,0.0,0.0,16.6,22.5,32.9,69381.0,7.52101259832488,33.0,28.23939570017432,26.961069145845435,0.7553747821034282,1.68506682161534,0.2324230098779779
6.645836851883128,7.608512075662895,10.488093227495357,3.4369194392839044,12.160108089849688,5.1680459381861175,0.6755615605472048,0.0,17.5,19.6,37.1,71934.0,7.70841272282421,25.0,25.26600236446546,29.234926532680287,13.249451106232057,0.4137814558351632,1.2160108089849688
20.94967781528076,6.787758148793232,9.382931077382434,7.566558845483952,2.7718337894998757,1.2814132868872854,0.1841254043294352,0.0273699925354565,15.3,23.5,40.6,40507.0,8.08641195661465,89.0,8.790743966160736,9.907937297835282,33.24707638716098,0.6270216471759144,0.9380442896242848
26.724477729601897,3.921955065037446,8.849034292471423,8.316909735908554,0.2167914860070949,0.0,0.0,0.0,12.2,29.7,50.3,27010.0,7.32938691656824,99.0,3.90224674812771,1.9314150571541189,43.27946393378006,1.3401655498620415,0.4927079227433977
2.464788732394366,9.94718309859155,19.718309859154928,11.619718309859154,13.820422535211268,5.809859154929577,0.0,0.0,15.4,18.4,35.8,82500.0,7.46352211223337,23.0,31.690140845070424,30.721830985915496,5.105633802816902,2.9049295774647885,1.3204225352112675
7.297631076681261,5.617304741589012,7.1067699562142135,1.4969499644474384,7.0431495827251975,2.9302795554058605,0.2507391190449459,0.1908611204670484,19.6,19.7,32.4,67133.0,6.98242206855228,39.0,23.416039818869052,23.99610793009244,12.581864451180715,4.23636839938625,5.56865386774447
8.78390201224847,9.612023767913316,12.216008388675288,0.0,21.67074449493184,9.454736106256552,0.0,0.0,15.5,24.8,38.2,43211.0,7.8378613061039,35.0,37.0674589304439,40.824886403355464,0.0349528137015029,0.0,0.0
19.74600260117818,7.949172576832152,10.593971631205672,7.653664302600473,4.949763593380615,2.541371158392435,0.1329787234042553,0.0,13.5,23.0,46.6,35538.0,7.35066843707481,93.0,11.709515366430262,9.67050827423168,30.636820330969268,2.0685579196217496,0.775709219858156
12.039660056657224,11.546477699041269,13.338891204668611,3.251354731137974,17.173822426010837,7.086285952480201,0.0,0.0,16.9,18.8,33.3,56366.0,7.23209906177499,31.0,30.471029595664863,32.26344310129221,5.2105043768236765,1.0421008753647354,0.3334722801167153
4.960835509138381,23.75979112271541,30.287206266318535,10.835509138381202,38.51174934725849,19.06005221932115,0.0,0.0,12.0,18.7,43.0,63533.0,6.81322267759563,4.0,17.885117493472585,17.362924281984334,3.5248041775456898,0.0,0.0
5.475504322766571,11.239193083573488,24.207492795389047,0.0,35.44668587896253,11.239193083573488,0.0,0.0,12.9,17.8,31.6,58125.0,7.0902393442623,2.0,31.123919308357344,30.259365994236315,0.0,0.0,0.0
5.88235294117647,10.018382352941178,16.268382352941178,0.0,24.63235294117647,8.363970588235293,0.8272058823529412,0.8272058823529412,12.9,22.4,38.9,37917.0,7.40909718655986,22.0,39.52205882352942,32.444852941176464,0.0,0.0,0.0
22.32456140350877,11.566927468809476,15.838443645591031,1.0573059843518715,25.925142736307887,11.397758511313176,0.1691689574962994,0.0,13.8,24.5,37.8,40392.0,6.93065261331232,75.0,29.816028758722773,33.53774582364136,2.7912877986889404,1.755127934024107,0.1268767181222245
19.980163103372274,7.263107263107263,12.05707872374539,7.519640852974187,7.72005772005772,3.4151034151034154,0.0721500721500721,0.0721500721500721,14.3,26.4,41.5,33591.0,7.86277023117958,90.0,17.54850088183421,8.930575597242264,19.19191919191919,2.565335898669232,0.729517396184063
7.04490454423232,8.939428056743976,10.650754334609324,0.0,19.5901823913533,8.939428056743976,0.0,0.0,17.8,19.1,33.0,54600.0,7.31193082154026,35.0,40.93672596262103,33.97883359603693,0.3602792163927043,1.238459806349921,1.8689484350371537
16.03243917654398,5.6144728633811605,8.047411104179664,0.0,13.661883967560822,5.6144728633811605,0.0,0.0,17.4,20.1,32.7,77091.0,7.39586349075163,29.0,41.11041796631316,41.23518402994385,0.0,0.0,1.9338739862757333
5.974622839444501,10.543402257516732,12.616122265507942,1.5283188492658075,18.849265807611623,8.390770152831886,0.1498351813005694,0.06492857856358,15.9,15.5,33.8,77297.0,8.19062371677641,12.0,26.885426031365498,28.803316352012786,8.505643791828987,1.8779342723004695,2.427329937069224
22.188076213890596,8.461180846118085,7.1594607159460715,0.0,15.620641562064156,8.461180846118085,0.0,0.0,17.0,27.7,36.2,39205.0,8.24145057872704,81.0,35.657833565783356,28.451882845188283,1.2552301255230125,1.6271501627150162,1.1157601115760112
13.533834586466163,9.273182957393484,13.43358395989975,1.2531328320802004,21.453634085213032,9.273182957393484,0.0,0.0,16.6,23.3,36.8,43511.0,7.76286697839651,44.0,30.275689223057643,37.14285714285714,4.260651629072682,0.7518796992481203,0.7017543859649122
4.155555555555555,15.533333333333331,16.8,0.8444444444444443,30.777777777777775,14.822222222222225,0.4,0.4,14.9,13.0,29.5,109071.0,7.88113386665184,3.0,24.33333333333333,30.799999999999997,3.7777777777777777,1.6444444444444446,1.511111111111111
1.9393181107288084,11.385674069440102,12.167657178604944,0.093837973099781,22.552392868314044,11.29183609634032,2.2521113543947453,0.8758210822646231,16.0,12.2,25.0,172708.0,7.86097200898648,3.0,36.03378167031592,32.96840788238974,0.3753518923991242,0.8758210822646233,1.939318110728808
7.264946874468137,5.482979127535192,7.929004073190807,0.3503366186184918,9.997256399974674,4.075301268387396,0.7428824683958382,0.4495283118417997,17.4,11.4,21.7,119624.0,8.26088441564614,33.0,28.01848764324758,25.17569592469873,3.862144651035182,5.7488972838359755,5.428107127028682
8.144405292201316,10.418190279901603,10.577754138687586,1.336347317332624,18.283358819227445,9.301243268399707,0.3922611528488797,0.3922611528488797,17.3,19.9,35.4,82906.0,7.60931366520823,25.0,30.69609733395386,32.33162688651021,4.3348181636859255,3.536998869756,2.9452828934246393
12.857142857142856,14.761904761904765,15.714285714285714,0.9523809523809524,28.095238095238095,13.333333333333334,0.0,0.0,15.1,22.7,35.4,31563.0,6.9233843983492,48.0,37.61904761904761,29.047619047619044,1.4285714285714284,0.0,0.0
6.286194244286282,8.526584957234812,10.841195661758222,0.1454898157129001,18.807865267613085,8.231196543514681,0.5907768274402609,0.2821620668371395,18.0,18.2,32.8,78916.0,7.30348099628347,23.0,35.64059606736619,36.20932898333481,2.244070187814126,3.4300326249889785,2.7158098933074686
1.9029495718363465,33.34919124643197,26.355851569933396,0.8563273073263558,54.70980019029496,29.210275927687917,0.0,0.0,12.5,15.9,26.1,72833.0,7.1159368852459,4.0,16.03235014272122,20.932445290199805,2.8068506184586113,0.0,0.0
15.021459227467812,9.067357512953368,15.284974093264248,7.642487046632124,12.694300518134716,5.051813471502591,0.0,0.0,13.5,21.9,40.2,48176.0,7.86033117716002,50.0,14.507772020725389,11.07512953367876,26.683937823834196,0.1295336787564767,0.1295336787564767
9.274673008323424,4.399524375743162,12.604042806183116,0.0,14.506539833531509,1.9024970273483943,0.0,0.0,13.7,21.5,39.1,65637.0,7.09253360655738,34.0,35.67181926278241,26.278240190249697,15.81450653983353,0.0,0.0
32.168458781362006,5.849308961212662,7.38594144746619,0.0326943082181602,12.64675286075197,5.439144003566652,0.4131371674840243,0.2169713181750631,18.6,17.8,28.9,48767.0,7.40173207271215,80.0,35.562490711844255,37.265566949026606,2.2648238965670977,6.5596671124981425,5.9800861940853025
1.5681544028950545,11.459589867310012,10.85645355850422,2.41254523522316,15.560916767189385,7.117008443908324,0.0,0.0,15.0,23.9,38.3,67674.0,7.42099769753547,32.0,33.293124246079614,25.45235223160434,8.082026537997589,0.0,0.0
6.887052341597796,7.231404958677685,7.43801652892562,0.0,13.911845730027547,6.473829201101928,2.066115702479339,0.6887052341597797,17.9,20.8,32.3,93679.0,7.66634428544414,38.0,37.74104683195593,39.531680440771346,1.997245179063361,4.545454545454546,2.8236914600550964
7.203389830508475,7.203389830508475,12.71186440677966,8.898305084745763,4.661016949152542,0.847457627118644,0.0,0.0,14.2,19.8,39.0,66607.0,7.49358442622951,21.0,31.779661016949156,22.45762711864407,8.898305084745763,0.0,0.0
0.0,0.0,0.4325259515570934,0.0,0.4325259515570934,0.0,0.0,0.0,35.7,14.2,16.2,114375.0,8.67962828695714,21.0,73.1833910034602,5.3633217993079585,0.8650519031141869,19.290657439446367,0.0
4.638144742103159,12.274645186037592,21.86421173762946,0.0,34.13885692366705,12.274645186037592,0.0,0.0,13.5,13.0,28.6,71853.0,7.26652786885246,10.0,34.330648254698886,29.76601457614116,1.7644802454929036,1.611047180667434,0.0
4.958841222099098,9.928131013627617,14.699760436712092,2.340651140871068,20.50426108471115,8.423987746926914,0.161017947610258,0.0510544711934964,16.0,13.9,30.8,77249.0,8.23358752057607,20.0,25.34658131406355,27.392687428818284,8.612496563641361,2.411341947138986,3.2282134862349294
9.398099260823653,19.429778247096095,15.83949313621964,0.0,35.26927138331573,19.429778247096095,0.0,0.0,13.8,21.2,35.9,32255.0,6.84808028300054,24.0,32.84054910242872,31.89017951425555,0.0,0.0,0.0
12.859304084720122,17.39788199697428,13.867876954109931,0.0,31.265758951084216,17.39788199697428,0.0,0.0,15.0,25.9,35.2,32923.0,8.86052213114754,45.0,31.82047402924861,34.94704992435704,0.0,0.0,0.0
12.616614837849845,14.993537268418786,12.968548039638089,1.034037052994399,25.937096079276177,14.002585092632486,0.0,0.0,14.8,22.3,33.8,46574.0,6.66811141834231,58.0,33.56311934510987,32.39982766049117,1.5941404566996982,0.6031882809133994,0.1723395088323998
0.0,28.31858407079646,8.4070796460177,0.0,36.72566371681416,28.31858407079646,0.0,0.0,13.6,18.6,29.9,108673.0,7.05780464480875,1.0,18.14159292035398,45.13274336283187,0.0,0.0,0.0
7.818930041152264,8.641975308641975,8.641975308641975,0.0,17.28395061728395,8.641975308641975,0.0,0.0,14.5,17.6,32.0,64688.0,7.28887942484731,30.0,38.2716049382716,35.390946502057616,0.0,2.05761316872428,0.0
7.887365472504791,11.518932250108806,14.62353111852604,1.2476425359059915,24.009865080516462,10.633976497896416,1.0445379370375742,0.5222689685187871,15.4,18.0,31.6,73245.0,7.69301764722048,44.0,33.52676628463658,33.54127375598433,1.59582184825185,3.206151167851443,1.798926447120267
11.06896551724138,12.620689655172416,9.275862068965516,0.0,21.89655172413793,12.620689655172416,0.0,0.0,16.0,25.3,39.7,52946.0,7.69392616743697,44.0,35.34482758620689,39.3448275862069,0.0,0.0,0.2068965517241379
8.950442811381194,10.1276788068246,12.346050996196,0.1883168242250762,20.68848630936688,9.412074874769312,0.595081164551241,0.4293623592331739,17.4,14.2,29.5,79490.0,8.20224068141455,37.0,31.456442318556743,31.663590825204327,2.911378102519679,3.0695642348687433,3.031900870023728
6.932748191199146,4.163207211481438,4.69695172577393,0.2550112679397461,7.745225951844384,3.6946981378246946,0.6108409441347409,0.0830269244454987,22.9,11.8,21.0,107096.0,8.52918994532769,31.0,31.63918870833827,39.384414660182664,6.416795160716404,5.746649270549165,6.00166053848891
15.13019316093757,7.659629806233475,10.091464736226104,0.4898348432961983,16.641380207204474,7.135116389960554,1.0620312974121116,0.5071741297845594,17.2,19.5,32.2,47684.0,7.18227362642179,76.0,32.45480948458971,35.441501582209895,2.8002947678703025,8.947071827994277,8.409553946855088
8.923175533376064,4.9074433361484555,6.6741229371619,1.5452740179407,6.811074844217206,3.2822807057588275,1.7598320056606789,0.8513843555271507,20.5,13.9,23.1,84525.0,8.57694208453929,67.0,25.58033370614686,23.334322430439844,7.97744858597156,13.183903585857433,11.643194631485244
2.7870062753783684,10.604395604395604,10.43956043956044,2.142857142857143,15.32967032967033,7.326007326007327,0.0,0.0,16.4,18.7,33.7,80764.0,7.68144594474942,14.0,28.31501831501831,27.43589743589743,8.095238095238093,1.611721611721612,1.4835164835164834
18.988902589395806,10.234278668310727,4.069050554870531,2.219482120838471,4.315659679408138,2.466091245376079,0.0,0.0,17.2,21.0,37.6,51250.0,7.61726250457345,51.0,31.072749691738593,32.30579531442664,11.46732429099877,0.0,0.0
3.583617747440273,10.238907849829353,12.798634812286688,3.0716723549488054,17.918088737201366,8.19112627986348,0.0,0.0,16.7,22.1,40.4,69292.0,7.3862425945906,9.0,28.896473265073944,36.74630261660978,5.745164960182025,0.0,0.0
3.956043956043956,0.0,0.0,0.0,0.0,0.0,0.0,0.0,30.9,17.9,26.4,46883.0,7.37675482361616,31.0,52.377458174346934,12.606398591135898,4.520105664807749,11.615791018491342,3.434106251834459
14.465751130463907,5.5015910232791825,8.532909060458884,5.070339976553341,4.7898174510132305,1.9008541282867193,0.1549154245520013,0.1549154245520013,16.7,22.8,40.2,46324.0,7.31312167705853,86.0,12.908223078211355,11.727516328923128,24.937196449505947,5.396918439122425,3.671914252219059
10.492466005145166,8.175878509623875,10.61274942609924,0.9712166696097474,16.634292777679676,7.222320324916122,0.0,0.0,31.2,10.4,22.9,71884.0,7.38030356511863,31.0,33.974924951439164,33.90429101183119,2.931308493731238,2.966625463535229,1.5362881864736004
22.35116044399596,4.613841524573721,6.218655967903711,1.5546639919759278,7.57271815446339,3.259779338014042,0.2256770310932798,0.0,20.9,18.2,34.2,51583.0,7.37890866723966,74.0,33.65095285857573,21.664994984954863,11.384152457372116,4.814443329989969,2.0060180541624875
1.6326530612244898,6.258503401360545,8.707482993197278,0.6802721088435374,12.244897959183673,5.034013605442176,0.0,0.0,16.8,16.4,34.6,125833.0,8.085398745567,5.0,22.857142857142858,28.027210884353742,3.2653061224489797,3.1292517006802725,5.986394557823129
3.9416058394160585,10.802919708029195,12.408759124087592,0.0,19.854014598540147,7.445255474452554,0.0,0.0,18.5,21.5,35.5,92917.0,7.59010503566254,14.0,38.68613138686131,23.79562043795621,12.846715328467154,2.7737226277372264,4.37956204379562
16.00474717077099,10.695055283817666,15.849397837971146,3.674626988367792,20.04192527436393,7.994574376258785,0.2137366928357104,0.1068683464178552,12.8,22.2,38.2,39847.0,8.34520612376796,80.0,18.38546590488717,19.15820625590859,18.59098195569074,1.027580254017839,0.8179538821981995
26.901408450704224,11.267605633802818,7.887323943661972,0.0,19.154929577464788,11.267605633802818,0.0,0.0,14.3,29.6,35.9,25625.0,8.21716152641844,60.0,43.09859154929578,37.74647887323944,0.0,0.0,0.0
5.198776758409786,17.889908256880734,17.69877675840979,0.0,35.16819571865443,17.889908256880734,0.0,0.0,13.8,17.2,31.7,68171.0,7.75278799201607,15.0,28.249235474006117,29.243119266055047,1.376146788990826,0.0,0.0
6.921007581315725,12.081193445830277,14.111029591587185,2.347762289068232,22.303741746148205,10.613842015162632,0.0,0.0,16.0,21.3,37.6,61461.0,7.77492378964725,15.0,35.04524333577892,27.855221325507458,4.866715578381022,0.1956468574223526,0.1711910002445585
4.683453237410072,8.246398410332837,11.454119650840962,0.4541906181250443,16.24441132637854,7.188985877510468,1.689021361152509,1.3128947555177064,21.1,9.7,19.6,180781.0,8.58373650660865,9.0,33.113334752679016,32.26172734369456,0.943864878291108,4.747711305088354,4.215456674473068
14.64354527938343,3.6608863198458574,10.21194605009634,0.0,13.872832369942197,3.6608863198458574,0.0,0.0,14.2,17.2,32.4,65375.0,7.01464968660243,35.0,42.96724470134875,43.15992292870905,0.0,8.670520231213873,0.0
3.551912568306011,16.120218579234972,2.459016393442623,0.0,15.300546448087433,12.841530054644808,0.0,0.0,14.5,21.7,38.8,84063.0,7.7928480874317,44.0,22.950819672131153,22.950819672131143,13.387978142076504,0.0,0.0
19.908466819221967,5.263157894736842,2.745995423340961,0.0,8.009153318077804,5.263157894736842,0.0,0.0,20.8,19.2,29.4,61042.0,7.54996147540984,40.0,43.70709382151029,29.06178489702517,0.9153318077803204,0.2288329519450801,4.3478260869565215
7.41798667012897,12.074451161310847,15.120903595291123,0.4533884823417117,26.34425707922367,11.67674196627426,0.4374801145402482,0.1431753102131721,16.8,17.6,32.7,67195.0,7.41980821785999,38.0,35.65860642698058,33.232580337257396,0.2783964365256125,3.857779191854916,3.78619153674833
3.9669421487603302,8.745874587458747,8.085808580858085,2.31023102310231,10.56105610561056,4.785478547854786,0.0,0.0,17.9,22.2,36.2,49167.0,7.61965096665768,15.0,27.062706270627064,26.567656765676567,18.48184818481848,0.0,0.0
15.459610027855152,14.345403899721449,21.72701949860724,4.596100278551532,26.740947075208915,10.167130919220057,0.0,0.0,15.5,20.0,38.1,49750.0,7.49358442622951,39.0,19.498607242339833,21.3091922005571,10.306406685236768,0.0,0.0
22.185430463576157,4.0344827586206895,5.551724137931034,2.1724137931034484,6.068965517241379,3.1724137931034484,0.5517241379310345,0.5517241379310345,20.3,22.1,36.0,48018.0,7.45092705241178,79.0,34.65517241379311,18.896551724137932,10.827586206896552,11.413793103448276,5.655172413793103
24.24242424242424,9.523809523809524,6.0606060606060606,0.0,15.584415584415584,9.523809523809524,0.0,0.0,15.0,22.2,35.5,53500.0,7.04136370331443,74.0,52.81385281385281,31.6017316017316,0.0,0.0,0.0
9.9444101297097,13.40333539221742,14.823965410747377,7.535515750463249,14.32983323038913,7.041383570105003,0.0617665225447807,0.0,12.6,21.9,39.2,46386.0,7.80454910686511,47.0,15.3798641136504,15.00926497838172,23.347745521927116,0.3088326127239036,0.2470660901791229
16.093138264990728,7.462032710280374,11.06892523364486,3.7091121495327104,12.31016355140187,4.964953271028037,0.0,0.0,16.7,25.6,41.4,47518.0,7.50810621706024,70.0,27.175817757009348,17.5963785046729,9.886098130841122,2.307242990654206,0.0
24.660633484162897,14.479638009049776,12.669683257918551,0.0,18.099547511312217,5.429864253393665,0.0,0.0,15.3,22.8,39.1,41184.0,7.35017533858175,35.0,33.2579185520362,15.837104072398189,10.85972850678733,14.479638009049776,5.88235294117647
19.96497373029772,10.157618213660244,15.411558669001751,0.0,25.569176882662,10.157618213660244,0.0,0.0,17.7,20.3,34.2,58491.0,7.08868680327869,65.0,32.224168126094575,29.071803852889666,0.0,8.93169877408056,5.604203152364273
5.936920222634509,10.713978124192575,14.70157609163724,1.0765653259839807,22.271983463956595,9.068986306089052,0.9818275772973905,0.5425889242959263,16.1,15.3,29.7,84327.0,7.48530657225173,21.0,31.142881750064596,34.55344070278185,2.971320299715787,2.015330290242012,2.971320299715787
8.620689655172415,4.310344827586207,5.172413793103448,0.0,9.482758620689657,4.310344827586207,0.0,0.0,15.8,20.7,33.2,60333.0,7.41525928961749,43.0,53.44827586206897,37.06896551724138,0.0,0.0,0.0
20.549886621315192,10.38961038961039,12.76309896999552,5.261979399910435,15.203761755485893,7.702642185400806,0.2686968204209583,0.0,15.3,25.9,43.3,41377.0,7.85092472130025,80.0,24.94402149574563,18.00268696820421,9.740259740259742,1.052395879982087,0.4478280340349305
8.258258258258259,6.081081081081082,7.732732732732733,2.7777777777777777,8.333333333333332,3.7537537537537538,0.0,0.0,14.3,19.5,38.6,50769.0,7.52653060301644,71.0,22.74774774774775,21.021021021021017,17.942942942942942,2.8528528528528527,2.027027027027027
6.439993267126747,11.12194138209196,14.405754235009413,0.1747781661737026,24.61683248184996,10.611051357891906,0.3798063995697768,0.2453616563592363,16.2,15.1,29.6,67797.0,7.43058259011895,27.0,31.624764721699385,32.307071793492874,2.1914493143318103,0.9478354396343104,0.7831406292013983
6.954102920723226,14.74269819193324,17.385257301808068,0.8344923504867872,29.068150208623088,12.517385257301807,0.0,0.0,14.3,14.1,30.6,89457.0,7.33258723147294,13.0,30.73713490959666,26.425591098748264,0.973574408901252,0.0,0.8344923504867872
3.656325801097919,7.210434009337252,8.843218140948052,0.8522095694489045,12.657164735815032,5.755502309611442,0.4396907343823333,0.2445470938418595,19.5,17.2,30.9,104280.0,6.83149720251367,6.0,29.135686584492255,28.8985500086456,6.1779018353382895,2.3244324778302,2.554158535681644
32.466952150437535,3.689394179307724,5.351996706463566,2.881844380403458,4.734458624948538,2.4733191880165943,0.1456756499984165,0.110840168477056,21.8,16.9,26.1,42110.0,8.24093034226949,86.0,29.689330842068593,27.162175000791713,15.6062957215695,1.520093739113912,1.703771732590177
20.363890832750176,12.890534598472575,14.857671835223329,0.0,27.516778523489933,12.751677852348994,0.0925711640823883,0.0,15.2,27.2,40.2,31119.0,7.89220538590334,77.0,32.5619069659801,36.77389493172877,1.5274242073594075,0.0,0.0
6.803995006242197,11.36079900124844,14.41947565543071,0.0,22.534332084893883,9.363295880149812,0.0,0.0,15.4,17.5,33.6,56898.0,7.13835287285645,47.0,35.767790262172284,34.70661672908864,2.621722846441948,0.0,0.0
13.3318445734703,10.94238499330058,14.448414470745869,2.970075926753015,19.718624385886557,8.351942831621258,0.1116569897275569,0.1116569897275569,13.6,23.2,37.6,43333.0,7.90574653937878,58.0,28.76284055381867,29.522108083966053,7.235372934345691,0.3796337650736936,0.4912907548012506
6.358381502890173,6.9364161849710975,17.91907514450867,9.248554913294797,8.670520231213873,0.0,0.0,0.0,14.5,23.4,43.0,63750.0,7.35021460385072,67.0,19.07514450867052,32.369942196531795,10.982658959537574,0.0,0.0
5.555555555555555,13.194444444444445,9.375,0.0,22.569444444444446,13.194444444444445,0.0,0.0,16.0,23.4,33.1,60293.0,6.45852637326579,34.0,32.986111111111114,44.44444444444444,0.0,0.0,0.0
2.9601766293237386,5.146237086706463,5.007223267097337,0.5124430997356011,7.089704800065419,3.685229100226238,0.5069915773979884,0.3216398179191539,16.2,10.1,20.2,141559.0,8.22612124057842,18.0,24.357401804453893,23.05721372693325,4.661051598658926,3.390846893995148,3.172786000490637
26.455026455026452,11.64021164021164,5.291005291005291,0.0,16.93121693121693,11.64021164021164,0.0,0.0,15.8,23.8,36.9,37366.0,6.67740661202186,38.0,46.03174603174603,37.03703703703704,0.0,0.0,0.0
8.293058765847167,6.233366017649531,8.69169351449783,0.5042723070458047,12.767894663118083,5.224821403557922,0.1050567306345426,0.1050567306345426,19.0,16.6,29.2,56527.0,8.18291557073143,62.0,20.338983050847464,22.117943689592376,8.59364056590559,3.466872110939907,2.8575430732595604
1.675977653631285,14.152700186219738,16.945996275605214,0.0,31.098696461824954,14.152700186219738,0.0,0.0,15.4,23.2,36.4,60909.0,6.67740661202186,17.0,40.968342644320295,27.93296089385475,0.0,0.0,3.5381750465549344
4.142011834319527,13.727810650887571,11.242603550295858,0.0,24.97041420118343,13.727810650887571,0.0,0.0,16.6,20.1,34.1,67586.0,6.96847370085427,12.0,36.68639053254438,38.34319526627219,0.0,3.076923076923077,2.8402366863905324
1.591089896579157,9.228321400159109,10.819411296738265,1.1933174224343674,18.217979315831347,8.591885441527445,0.0,0.0,16.1,12.7,29.7,133250.0,7.6496350753205,2.0,37.5497215592681,38.98170246618934,0.2386634844868735,0.0,1.988862370723946
4.303003137606455,9.57136912193092,10.736579275905118,2.1223470661672907,16.645859342488556,8.031627132750728,0.0,0.0,18.6,19.0,34.2,69318.0,7.74120022582322,10.0,28.589263420724095,28.256346233874325,6.741573033707865,1.4148980441115273,2.7881814398668334
3.0053519967064632,10.662824207492797,9.757101687937425,0.5763688760806917,18.443804034582133,9.386578839028406,0.0411692054343351,0.0411692054343351,17.6,14.7,27.4,108281.0,7.85367407427818,2.0,37.38163853437628,33.22354878550844,3.4582132564841497,0.5351996706463565,0.0
5.862457722660654,8.117249154453212,10.372040586245772,0.0,18.489289740698982,8.117249154453212,0.0,0.0,17.2,18.4,34.2,72328.0,7.1594979664919,6.0,39.57158962795942,41.9391206313416,0.0,0.0,0.0
2.942171119377748,12.106865065945216,15.116672303009809,0.0,26.378085897869465,12.106865065945216,0.0,0.0,16.7,14.4,30.5,78490.0,7.17098899600939,8.0,33.20933378424078,34.39296584376057,0.7439972945552925,1.5556307067974298,1.2512681772066283
1.321003963011889,12.813738441215325,14.134742404227213,1.5852047556142668,21.00396301188903,9.379128137384413,0.0,0.0,16.4,14.5,32.3,103594.0,7.44805245901639,1.0,27.873183619550858,29.72258916776751,6.472919418758256,0.5284015852047557,1.056803170409511
5.331040412725709,20.63628546861565,19.948409286328463,0.0,40.58469475494411,20.63628546861565,0.0,0.0,15.1,21.8,36.3,64583.0,7.09253360655738,14.0,35.16766981943249,24.247635425623383,0.0,1.2037833190025795,0.0
4.873949579831933,12.941176470588236,12.15686274509804,0.0,23.24929971988795,11.092436974789916,0.0,0.0,17.2,20.9,34.8,54833.0,7.42929926366687,26.0,33.669467787114854,41.23249299719888,0.0,5.826330532212885,0.0
6.939784566484196,10.172778561354018,11.56558533145275,1.2693935119887163,17.524682651622005,7.457686882933709,0.0,0.0,17.7,13.1,27.3,75297.0,7.25380990202318,17.0,33.70944992947814,38.24047954866008,1.004936530324401,0.4583921015514809,2.521156558533145
14.128321451717436,8.684381075826312,13.609850939727805,0.0,22.294232015554115,8.684381075826312,0.0,0.0,15.8,19.5,33.1,53030.0,6.99648094407788,50.0,30.265716137394687,45.04212572909915,1.2961762799740766,0.6480881399870383,2.592352559948153
2.423469387755102,6.8695335276967935,8.035714285714286,0.0546647230320699,14.212827988338192,6.669096209912537,0.6013119533527697,0.4190962099125364,16.7,13.7,25.8,135212.0,7.95595454581074,2.0,38.99416909620991,40.92565597667638,0.9839650145772596,3.553206997084549,4.373177842565598
4.217308537121101,8.133586670564162,11.05670856474715,0.9573224203449284,17.14410990938322,7.380882782812043,0.1900029231218941,0.095001461560947,17.5,13.2,30.4,104987.0,8.10997922636873,11.0,29.581993569131825,34.84361297866121,4.4431452791581405,0.942706810874014,1.0011692487576735
5.747126436781609,17.24137931034483,15.55104800540906,0.0,32.048681541582155,16.49763353617309,1.2846517917511833,0.6085192697768762,16.8,20.1,31.6,42369.0,7.30879956942034,20.0,33.67139959432049,29.74983096686951,2.366463826910074,0.0,0.0
7.630876430930727,7.313116456134279,9.075964699775048,0.7483993770548538,14.468333621733864,6.497663955701678,0.5256099671223394,0.4174597681259734,20.0,18.1,30.9,76080.0,6.91196174773113,33.0,31.620955182557537,32.412614639210936,5.699515487108496,2.543692680394532,2.498269596816058
9.158878504672897,0.0937558597412338,0.0,0.0,0.0937558597412338,0.0937558597412338,0.0,0.0,27.0,21.8,31.5,52872.0,7.48772245990851,49.0,54.09713107069192,12.28201762610163,5.212825801612601,14.457153572098257,4.744046502906431
6.039724361572761,0.4865771812080537,0.6375838926174496,0.1006711409395973,0.8221476510067114,0.3187919463087248,0.0,0.0,25.7,18.2,29.5,63190.0,7.85799620586712,39.0,55.68791946308724,14.496644295302014,4.144295302013423,13.859060402684564,2.986577181208054
7.271251304650354,12.918937724689783,11.701264061231589,0.0,23.9359851559782,12.315899338977154,0.1159689203293517,0.0,15.9,18.7,33.7,60013.0,7.13270636104051,24.0,33.58459932738026,38.0494027600603,0.869766902470138,0.9045575785689436,0.5914414936796939
21.22196945076373,10.367240818979525,12.90217744556386,3.6074098147546314,17.029574260643486,7.734806629834254,0.0,0.0,13.6,24.7,42.7,44115.0,7.87945143759236,54.0,29.444263893402656,31.23171920701983,6.597335066623335,0.5199870003249919,0.0
11.480865224625624,9.294033753268362,13.31114808652246,0.4278583313525077,21.630615640599,8.747325885429047,0.2139291656762538,0.0713097218920846,17.1,23.1,32.2,47019.0,7.50845967408279,38.0,39.69574518659377,35.41716187306869,0.0,0.4278583313525078,0.0
8.21479616143742,12.86113094851652,14.893202622865676,1.6490294098552232,24.845809257936764,11.692527429721483,0.4804258910601831,0.3635655391806791,16.2,14.7,28.6,71810.0,7.61310993228212,28.0,29.49425436603259,32.50665454781536,4.168019217035642,0.759592287216776,2.174900993312991
9.92063492063492,17.61904761904762,16.428571428571427,0.0,34.04761904761905,17.61904761904762,0.0,0.0,15.8,23.3,36.2,34914.0,7.47989756963259,33.0,31.984126984126988,33.80952380952381,0.0,0.0,0.0
14.01025641025641,7.826915363016446,7.98235058162856,1.1331728840754112,13.472723626153227,6.653630164460489,0.3259125551544324,0.0451263537906137,18.9,16.4,29.5,64560.0,7.42001632620097,70.0,32.79181708784597,32.78178900922584,6.8792619334135585,3.1839149618933016,3.1488166867228236
9.193938622182603,11.50264283916436,13.327460357412535,3.0958973068210422,18.927762396174177,8.809463881198088,0.0,0.0,15.7,21.4,36.3,54930.0,7.71301150299704,38.0,30.79536873898817,28.177699471432163,9.023408004027184,0.8180216461112509,0.2391140196325195
24.702235274922497,6.6834804539722565,9.583858764186632,0.4728877679697351,13.839848675914247,5.406683480453972,1.0403530895334174,0.2837326607818411,16.3,29.8,37.9,34925.0,7.55589899297803,92.0,36.63303909205549,36.45964691046658,4.650063051702396,2.080706179066835,0.4728877679697352
15.666474321984996,10.242354298903637,11.85804962492787,6.174264281592614,10.646278130409694,4.962492787074437,0.0,0.0,14.6,22.9,39.7,47946.0,7.54923425208535,53.0,22.15810732833237,23.802654356607036,16.762839007501444,0.0,0.0
15.568862275449105,10.916628281897744,13.818516812528788,0.3684937816674343,24.366651312759096,10.916628281897744,1.0594196222938737,0.7830492860432979,15.6,21.5,32.9,44602.0,7.47078720413546,42.0,39.79732842008291,35.46752648549056,0.0,1.2436665131275908,0.9672961768770152
18.575293056807933,11.722272317403066,13.074842200180342,3.4265103697024344,21.37060414788097,11.722272317403066,0.0,0.0,15.0,22.5,37.2,31025.0,7.77764300702609,51.0,34.44544634806131,28.223624887285844,10.459873760144276,0.0,0.0
0.0,14.285714285714285,30.714285714285715,26.42857142857143,18.571428571428573,14.285714285714285,0.0,0.0,14.7,23.3,41.9,44712.0,7.35018825136612,1.0,13.571428571428571,21.428571428571427,0.0,0.0,0.0
2.984621610683934,7.011331444759207,7.800485633346824,0.141643059490085,13.334682314852287,6.292998785916633,0.2934034803723189,0.1112909753136382,17.5,9.4,21.4,128859.0,8.30238625273115,7.0,32.97248077701336,36.564144071226224,1.69971671388102,2.053824362606232,2.8530959125859976
13.166522864538395,11.714407866609662,14.356562633604105,0.6241983753740915,24.360837964942284,10.884993587002992,0.1624625908507909,0.1197092774690038,16.2,22.7,35.3,47844.0,7.54502477873408,59.0,34.39076528430954,33.70671227020094,1.9666524155622056,0.9576742197520308,0.8037622915775974
13.83219954648526,9.0702947845805,18.367346938775512,0.0,27.43764172335601,9.0702947845805,0.0,0.0,16.1,22.2,36.4,40313.0,7.09253360655738,51.0,34.46712018140589,38.09523809523809,0.0,0.0,0.0
20.227436115286583,9.500414725961845,15.338480188859824,1.8247942321189308,21.21482804823582,7.841510878581,0.0,0.0,15.8,22.2,36.8,42615.0,7.65088623057912,75.0,31.021501946021814,29.515727684553056,5.046895935685574,1.339883876730683,1.5887194538378102
3.4162421336529816,6.638543516873891,7.7042628774422734,0.8880994671403196,12.566607460035522,5.75044404973357,0.2664298401420959,0.2664298401420959,15.9,18.4,35.4,85313.0,7.50966229582086,20.0,27.619893428063943,39.54262877442274,10.61278863232682,1.6429840142095915,1.5541740674955593
13.795821836815136,8.868742609381158,20.496649586125347,0.0,28.85297595585337,8.868742609381158,0.0,0.0,14.9,28.1,39.3,32092.0,8.11552646906672,55.0,34.923137564052034,34.25305478912101,0.1182499014584154,0.0,0.0
7.8966789667896675,16.309963099631,17.047970479704798,0.0,33.35793357933579,16.309963099631,0.0,0.0,15.6,20.7,32.6,41490.0,8.7849893496946,31.0,28.26568265682657,38.37638376383764,0.0,0.0,0.0
19.763152785866826,6.480674222609705,10.04552940036811,5.221350382640706,8.166230746875907,3.903903903903904,0.2906131938390003,0.2906131938390003,15.6,21.5,37.5,48353.0,7.32283007020921,83.0,16.681197326358618,19.90700377797152,21.263198682553515,2.557396105783203,3.293616196842003
4.456824512534819,19.498607242339833,21.72701949860724,2.785515320334262,35.37604456824512,17.548746518105848,2.2284122562674096,2.2284122562674096,21.9,12.6,27.1,87500.0,7.34568743169399,25.0,27.019498607242344,27.57660167130919,1.3927576601671308,1.1142061281337048,0.0
0.0,27.92207792207792,29.22077922077922,0.0,57.14285714285714,27.92207792207792,0.0,0.0,17.1,20.5,33.1,39537.0,7.31361820905918,1.0,26.62337662337662,16.233766233766232,0.0,0.0,0.0
29.36802973977695,5.390334572490707,13.197026022304833,0.0,18.587360594795538,5.390334572490707,0.0,0.0,18.5,23.7,32.0,30341.0,7.54696741007034,69.0,38.661710037174714,38.10408921933085,0.0,10.780669144981411,0.0
6.641544983513896,10.16042780748663,14.415252266914672,2.9528016740292955,20.111601953034175,8.788653801441525,0.0,0.0,16.7,18.6,35.0,66023.0,7.40674072458984,22.0,30.13252731922809,33.13182980702163,3.487561032318065,2.3017902813299234,0.2325040688212044
14.957485184230867,12.677497761289496,16.55366508890879,0.0511705257771523,29.179992324421132,12.677497761289496,0.0,0.0,14.7,22.7,36.9,43528.0,7.45468035865969,51.0,36.33107330177818,32.48049123704746,0.0639631572214405,1.13854419854164,0.7419726237687092
10.87547580206634,17.56389342033714,15.98694942903752,0.0,33.06144643828168,17.29200652528548,0.0,0.0,15.4,22.3,36.6,44364.0,7.61599997977129,43.0,32.84393692224035,29.79880369766177,0.7069059271343121,0.0,0.0
19.337016574585636,11.41804788213628,17.12707182320442,0.0,28.5451197053407,11.41804788213628,0.0,0.0,15.1,26.2,37.9,43906.0,7.44113142076503,72.0,41.896869244935544,28.913443830570905,0.0,0.6445672191528545,0.0
22.064276885043263,13.473423980222496,9.57972805933251,0.0,23.053152039555005,13.473423980222496,0.0,0.0,14.4,28.2,36.4,26875.0,8.14249500860656,60.0,44.622991347342406,30.22249690976514,0.0,0.0,0.0
0.0,7.59493670886076,31.64556962025317,0.0,39.24050632911392,7.59493670886076,0.0,0.0,15.6,19.4,31.0,42652.0,7.05780464480875,11.0,27.215189873417724,13.291139240506324,0.0,0.0,0.0
2.214037942700527,8.659158066035715,9.776883216992848,0.5995460579846688,14.269196180035117,6.663526187315319,1.2590467217678043,0.7708449316945741,16.0,11.1,22.8,139757.0,8.21232105019944,2.0,27.810372146803132,27.767547428375657,5.451586655817738,4.813498351248341,5.571495867414671
16.69793621013133,13.821138211382117,19.949968730456536,7.5046904315197,22.326454033771107,9.881175734834272,0.0,0.0,13.5,23.6,41.2,42544.0,7.46621793658335,61.0,15.322076297686053,19.199499687304566,16.197623514696687,0.0,0.0
21.34502923976608,13.596491228070176,15.204678362573098,0.0,28.801169590643276,13.596491228070176,0.0,0.0,16.4,25.5,33.6,27444.0,7.55198099997265,70.0,28.43567251461988,35.38011695906433,0.0,1.9736842105263157,1.827485380116959
19.023923444976077,10.44976076555024,13.837320574162678,5.722488038277512,14.334928229665072,6.641148325358852,0.0,0.0,14.0,25.8,39.6,35181.0,8.1010054764966,74.0,23.7511961722488,25.722488038277508,9.588516746411482,2.181818181818182,4.574162679425838
9.111174621320377,14.339109751953789,15.74640389625099,1.6139993204213388,26.4072941442972,12.586363121531315,0.2661683089817646,0.1812209763280099,16.2,14.0,28.6,79505.0,7.4135272435526,24.0,26.067504813682184,27.83157775512516,6.0284290406614565,1.9905991618529848,2.2171253822629975
4.175891289411406,4.6492098633483465,6.55393541491717,1.2405527139476296,5.905030918390717,2.6986792884953053,0.835941674937018,0.4695014886632567,15.4,13.1,24.7,113097.0,8.09011369709813,23.0,21.4711046644782,22.38338804488892,10.970303076570731,6.469959538896099,6.851668066264601
3.1696532464510123,13.16082876521416,15.209514076001115,0.2694416055003252,23.882746446158137,11.3026107962464,0.7479327325095234,0.4877822168540369,13.6,7.9,20.3,195631.0,8.5786459538165,3.0,29.27622410108706,26.433150608566383,0.9848555235529128,1.8024714298987272,1.765307070519372
5.188679245283019,10.291595197255576,8.319039451114923,2.8301886792452833,13.336192109777016,7.847341337907375,0.0,0.0,16.8,20.6,35.1,78548.0,7.22296254768838,22.0,28.301886792452834,33.36192109777015,3.2590051457975986,2.873070325900515,2.1012006861063464
9.8635477582846,20.284834488067744,25.05773672055427,3.541185527328714,38.876058506543494,17.936874518860662,0.0,0.0,11.1,15.0,28.2,50399.0,7.11272961403114,44.0,15.511932255581216,16.589684372594306,9.930715935334874,0.0,0.115473441108545
1.6050444253367726,9.932279909706546,9.367945823927764,1.6647855530474038,16.083521444695258,8.380361173814899,0.0,0.0,17.5,18.8,33.8,81496.0,7.57615798247715,3.0,31.82844243792325,37.528216704288944,4.853273137697517,0.0,2.793453724604966
17.222820236813778,10.387513455328309,15.82346609257266,0.0,26.21097954790097,10.387513455328309,0.0,0.0,15.3,21.8,35.9,50208.0,7.37810765939217,47.0,28.52529601722282,41.8729817007535,1.0764262648008611,0.0,0.0
18.829516539440203,20.610687022900763,11.450381679389311,2.5445292620865136,22.391857506361323,13.486005089058525,0.0,0.0,14.7,20.4,38.7,41146.0,7.66422994676557,57.0,16.284987277353686,21.62849872773537,10.178117048346056,0.0,0.0
5.582761998041136,12.863206007182502,14.854717597127,0.881488736532811,25.56317335945152,12.144955925563174,0.7182500816193275,0.7182500816193275,16.5,16.0,27.3,92333.0,7.3285803958517,10.0,34.18217433888345,34.214822069866145,1.5017956252040483,0.881488736532811,1.2732615083251717
10.661528580603726,6.8079640333975595,13.359023763648043,4.238921001926782,14.771997430956969,5.908798972382788,0.0,0.0,16.4,21.2,37.7,56071.0,7.39798219710897,42.0,25.305073859987157,28.516377649325623,10.533076429030189,0.0,0.0
13.289185421230831,5.551361193764711,7.874050717235866,1.4433539103788249,10.463205578007727,4.3700315317315805,0.2664653373007061,0.0799396011902118,17.9,16.9,30.8,63274.0,7.85518809960431,73.0,25.549584758182707,31.07429941821735,10.876226850823825,4.139094906070969,4.0147444153306395
25.23639420046228,12.607690691321707,13.553267493170834,0.0630384534566085,25.88779155284724,12.39756251313301,0.0,0.0,16.5,28.8,38.2,38353.0,8.69177729069609,84.0,36.89850808993486,36.79344400084052,0.0,0.0630384534566085,0.0
0.0,11.11111111111111,15.555555555555555,0.0,26.666666666666668,11.11111111111111,0.0,0.0,16.0,16.6,31.7,167633.0,7.76462786885246,2.0,27.40740740740741,39.25925925925926,0.0,0.0,0.0
12.441945734539232,13.66414079687118,13.101931068198486,0.0,25.054998777804936,12.784160351992178,0.0,0.0,17.7,17.8,32.2,82500.0,7.17117619115637,18.0,32.4370569542899,34.68589586898069,1.6132974822781716,0.0244439012466389,2.3710584209239793
22.28070175438597,8.596491228070176,7.719298245614035,0.0,16.315789473684212,8.596491228070176,0.0,0.0,15.2,26.5,35.9,30764.0,8.47122573662441,65.0,42.98245614035088,39.824561403508774,0.0,0.0,0.0
4.471132976414411,6.786282737664592,7.582115468094343,1.2299233106641585,11.08377948198524,5.353783822891043,0.2749240341484589,0.1881059181015772,18.3,19.8,31.9,86288.0,7.67075118709591,27.0,35.523079149182465,35.65330632325278,2.6334828534220813,6.062798437273911,6.569237447547389
12.341772151898734,12.763713080168776,16.033755274261605,4.957805907172996,20.780590717299575,10.654008438818568,0.0,0.0,13.5,23.5,38.3,39659.0,8.00761747066512,55.0,19.092827004219405,15.295358649789032,9.915611814345992,0.0,0.0
5.4989816700611,5.987780040733197,7.755600814663952,1.1486761710794298,10.19144602851324,4.627291242362525,0.8635437881873728,0.6028513238289205,17.4,11.9,23.5,94227.0,8.32823023210205,38.0,27.723014256619145,22.94093686354379,7.95112016293279,7.323828920570264,9.425661914460283
3.565869534455922,11.280145821648906,13.958216489063377,0.8903533370723501,23.40858104318564,10.873527762198542,0.3505328098710039,0.3505328098710039,16.1,14.7,26.4,86289.0,7.39303468299274,11.0,30.81884464385866,32.0877734155917,2.902411665731912,0.7571508693213684,1.5914189568143575
4.181540030596635,10.504844467108615,14.992350841407443,0.0,24.98725140234574,9.994900560938296,0.5099439061703213,0.0,16.2,18.2,32.7,67635.0,6.80842595708323,12.0,38.653748087710355,34.16624171341152,0.0,1.6828148903620606,2.6007139214686386
18.789043728976456,10.90821720326766,24.93993272465161,5.045651129264776,29.024507448342145,9.13022585295531,0.0,0.0,12.9,27.4,39.4,38883.0,7.77330760720493,65.0,23.690533397405098,16.674675636713122,6.91975012013455,4.805382027871215,0.0
10.370982816881156,6.486260287348306,10.329195145766494,2.0330590040451946,12.52615427535221,4.658948249407169,0.2999023573720184,0.1848235458222904,18.0,19.0,33.6,53290.0,8.22568355334291,66.0,22.72632166271447,24.80122750732319,12.393639280234346,6.873343562561026,5.209931650160414
4.574299312533051,14.357482813326284,14.331041776837653,0.4230565838180856,27.578001057641465,13.855103120042306,0.2644103648863035,0.2644103648863035,16.4,12.5,27.1,115642.0,7.32116180129766,1.0,32.91909042834479,33.606557377049185,1.3749338974087788,0.6081438392384982,0.3172924378635642
8.05593854638566,12.0346661414221,13.531613157376404,0.315146740200906,25.251132558597593,12.0346661414221,0.8863502068150483,0.8863502068150483,15.6,20.1,33.1,60272.0,6.92996417101052,29.0,36.67520189088044,32.735867638369115,1.5363403584794169,3.0332873744337205,1.8908804412054363
5.131803758847937,3.673260470297775,3.703369162677265,0.0421521693312859,5.8922710986661855,3.1403366151808028,0.8611086020534129,0.6322825399692892,25.7,9.7,17.8,125363.0,8.66841660658082,31.0,36.648300364315176,36.92831120344443,2.2611627976996957,4.567488633968627,4.910727727094812
5.539793937583993,9.972218160549788,15.243456645708436,0.5483257786226057,23.782716771457817,9.59204562070478,0.1242871764877906,0.0,17.0,13.0,26.3,78239.0,7.44460115549296,27.0,28.096212896622312,32.541307208656235,3.8455914607398745,2.29565725983331,2.142126041818979
15.010660980810234,14.64835622138993,16.937161880982103,7.282563462338744,17.561381606325426,7.990012484394507,0.4993757802746567,0.0,14.7,22.9,39.7,44056.0,8.08955642032932,65.0,19.683728672492713,15.106117353308363,14.14898044111527,3.2459425717852692,0.2080732417811069
24.80591497227357,5.289840571009273,6.7340404242545535,4.656127009539056,3.8956707357747984,2.067907411113335,0.6804082449469682,0.5036355146421186,15.3,26.3,40.4,36097.0,8.22794663939622,98.0,14.658795277166298,11.006603962377424,32.48615836168368,7.444466680008006,5.346541258088187
12.011873350923482,9.100717141587866,12.603922066383197,6.961985149457384,9.494193057054009,4.42977724186076,0.0507710858665989,0.0,14.1,19.3,38.6,51748.0,7.86883247788452,67.0,14.34283175731421,12.781620866916292,26.93406105223076,0.5267500158659644,1.973725963064035
7.412790697674419,5.232558139534884,9.738372093023257,5.813953488372093,4.941860465116279,1.0174418604651163,0.0,0.0,14.3,19.8,37.6,61711.0,7.36927295081967,42.0,25.43604651162791,28.343023255813957,15.406976744186046,1.0174418604651163,1.0174418604651163
26.324215215424235,5.335588080937664,8.776021925476703,7.574785701790192,1.119598810426264,0.3790308472797247,0.0583124380430345,0.0583124380430345,14.4,24.6,44.7,30122.0,7.34377974455266,98.0,6.041168581258383,5.347250568546271,40.463000758061696,1.061286372383229,1.2245611989037264
10.32540675844806,8.760951188986233,17.146433041301627,1.5644555694618274,23.21652065081351,8.07259073842303,0.5006257822277848,0.5006257822277848,14.4,19.5,37.6,56351.0,7.82266034538564,33.0,32.22778473091364,26.408010012515646,7.634543178973717,0.0,0.0
18.12134113890367,7.926072934755644,11.16348300669809,5.172413793103448,10.2580004961548,4.266931282560159,0.0,0.0,14.2,24.7,41.2,40429.0,7.83651878713572,79.0,21.334656412800793,20.429173902257503,18.680228231208137,1.1659637806995784,0.1984619201190771
23.05956181878234,7.928652999075535,12.60536190113655,7.754635923650008,7.178204361302953,2.632008265811083,0.0,0.0,12.1,24.9,42.0,35000.0,7.48244816680014,93.0,11.403556473979007,13.257925933982271,26.47778563271521,2.0610147370710754,1.8054271575398335
9.239130434782608,12.907608695652172,12.092391304347826,0.0,25.0,12.907608695652172,0.0,0.0,15.5,21.2,33.9,52143.0,7.3817693069954,31.0,33.69565217391305,41.30434782608695,0.0,0.0,0.0
4.049135577797998,13.011828935395814,9.64513193812557,0.0,19.1992720655141,9.554140127388536,0.0,0.0,18.5,19.9,34.2,61875.0,7.35648764619202,39.0,36.669699727024565,37.12465878070974,0.0,2.547770700636943,2.684258416742493
7.861635220125786,11.867305061559508,9.199726402188782,0.0,20.348837209302324,11.149110807113544,0.0,0.0,18.7,21.4,32.6,47283.0,7.47754599902634,22.0,47.093023255813954,28.31737346101231,0.0,0.0,0.0
0.0,8.483754512635379,10.288808664259928,1.083032490974729,16.24548736462094,7.039711191335741,0.0,0.0,16.5,17.3,30.4,124375.0,7.7222498049872,1.0,44.04332129963899,31.22743682310469,2.346570397111914,0.0,1.8050541516245489
16.696055684454755,12.80175566934894,15.334674469641552,0.274323335771763,27.18544257498171,12.344550109729331,0.0731528895391368,0.0731528895391368,15.4,22.4,32.9,45911.0,7.53897881631634,65.0,30.9070958302853,34.45501097293342,2.295171909290417,0.274323335771763,0.3017556693489392
11.439842209072978,8.152531229454306,12.952005259697568,5.062458908612754,11.965811965811966,4.076265614727153,0.0,0.0,14.9,22.0,37.3,58765.0,7.20586494777361,48.0,19.39513477975017,24.391847468770543,15.384615384615389,0.0,0.0
11.889234473763418,10.949122285034216,14.380640682336606,5.871268471685014,15.273232172964397,6.763859962312805,0.0,0.0,14.0,21.5,39.7,46049.0,7.43760898117614,72.0,17.3757810175543,18.605573737974808,19.95437865714569,0.5355548943766736,0.376871962709511
21.844127332601538,17.56311745334797,15.477497255762898,3.951701427003293,26.5642151481888,15.0384193194292,0.0,0.0,15.5,23.6,38.1,33083.0,7.53298107941815,66.0,21.62458836443469,25.795828759604824,8.342480790340288,0.0,0.0
24.175824175824175,9.670329670329672,18.68131868131868,0.0,28.35164835164835,9.670329670329672,0.0,0.0,14.0,26.4,36.4,27250.0,8.751394619351,70.0,27.692307692307693,43.95604395604395,0.0,0.0,0.0
8.774193548387096,7.685702018033491,12.408759124087592,4.25075139544869,13.52511807642765,5.367110347788751,0.0,0.0,14.6,21.2,34.5,48977.0,8.20269187161628,29.0,27.264920566766857,25.504508372692143,8.02919708029197,1.45985401459854,0.0
1.390374331550802,9.946524064171124,12.620320855614972,4.27807486631016,14.866310160427808,8.02139037433155,2.6737967914438503,0.0,16.9,18.0,32.8,93906.0,7.56356543950757,4.0,25.88235294117647,29.625668449197853,6.524064171122994,0.9625668449197856,0.0
3.773835096931604,6.227608008429926,8.461538461538462,0.690200210748156,11.456796628029505,5.026343519494205,0.5110642781875658,0.2133825079030558,16.2,13.2,25.4,128167.0,7.99038133546309,19.0,31.311907270811385,31.330347734457323,3.248155953635406,8.840885142255006,7.002107481559537
6.064209274673008,20.57074910820452,20.09512485136742,7.37217598097503,20.92746730083234,8.204518430439952,0.0,0.0,12.3,20.0,39.3,43750.0,7.33196626748251,41.0,25.44589774078478,22.82996432818074,8.917954815695598,0.0,0.0
16.524216524216524,11.64465786314526,21.728691476590637,9.36374549819928,17.16686674669868,5.162064825930372,0.0,0.0,9.7,18.6,42.9,41838.0,6.81048713529146,60.0,23.16926770708283,19.32773109243697,12.725090036014407,8.523409363745499,0.6002400960384154
2.133624046098739,7.758159443552702,9.562027058014216,0.4280363830925628,16.20423450278988,7.1619659099594895,0.871359779867003,0.3516013146831766,16.9,13.0,25.1,138687.0,7.78218929539795,3.0,36.84170297332416,35.81747305663838,2.6981579148513344,3.844683940992127,2.9733241611251247
8.533189243110687,9.365223118722213,11.555244524946485,0.7286349415445414,19.265601844228552,8.438992260826609,0.0,0.0,18.5,17.0,31.0,58913.0,7.48648057705861,32.0,37.160382018771614,35.21323892639552,1.2267413140128438,0.9468137658488393,1.1526428453811954
8.663902939945993,5.48054615296847,6.089073137336934,0.467805119233256,8.739968812992052,3.9668352793519186,0.9812497622941468,0.4487886509717415,17.3,18.6,33.8,88207.0,8.08036002759064,56.0,31.12995854409919,29.05716350359411,3.822310120564409,17.616856197467005,14.152055680219071
8.694450203884166,11.675542810323638,15.62884063908234,0.198006281578588,26.57380854840912,11.470708725931996,0.0,0.0,16.3,20.5,32.8,53108.0,7.52753423747571,37.0,33.463061586781365,33.18312167144613,1.4065273794892803,0.7851973235012972,0.9558923938276664
